{
  "id": "prod_001",
  "title": "Converse Chuck Taylor All Star II Hi",
  "description": "The classic Chuck Taylor All Star gets an update with modern comfort and style.",
  "price": 75.00,
  "imageUrl": "https://via.placeholder.com/400x400?text=Product+Image",
  "variants": [
    { "type": "color", "value": "Black", "code": "black" },
    { "type": "color", "value": "White", "code": "white" },
    { "type": "size", "value": "US 7", "code": "us7" },
    { "type": "size", "value": "US 8", "code": "us8" },
    { "type": "size", "value": "US 9", "code": "us9" }
  ]
}